{
  "build_type": "release",
  "env_name": "heating-floor",
  "libsource_dirs": [
    "/config/esphome/.esphome/build/heating-floor/lib",
    "/data/heating-floor/.piolibdeps/heating-floor",
    "/piolibs",
    "/data/cache/platformio/packages/framework-arduinoespressif32/libraries"
  ],
  "defines": [
    "PLATFORMIO=60105",
    "ARDUINO_M5STACK_Core2",
    "BOARD_HAS_PSRAM",
    "ESPHOME_LOG_LEVEL=ESPHOME_LOG_LEVEL_DEBUG",
    "USE_ARDUINO",
    "USE_ESP32",
    "USE_ESP32_FRAMEWORK_ARDUINO",
    "USE_ESP32_VARIANT_ESP32",
    "ESP32",
    "ESP_PLATFORM",
    "F_CPU=240000000L",
    "HAVE_CONFIG_H",
    "MBEDTLS_CONFIG_FILE=\"mbedtls/esp_config.h\"",
    "ARDUINO=10805",
    "ARDUINO_ARCH_ESP32",
    "ARDUINO_VARIANT=\"m5stack_core2\"",
    "ARDUINO_BOARD=\"M5Stack Core2\""
  ],
  "includes": {
    "build": [
      "/config/esphome/.esphome/build/heating-floor/include",
      "/config/esphome/.esphome/build/heating-floor/src",
      "/config/esphome/.esphome/build/heating-floor/src",
      "/data/heating-floor/.piolibdeps/heating-floor/qr-code-generator-library/src",
      "/data/cache/platformio/packages/framework-arduinoespressif32/libraries/Wire/src",
      "/data/cache/platformio/packages/framework-arduinoespressif32/libraries/SPI/src",
      "/data/cache/platformio/packages/framework-arduinoespressif32/libraries/Update/src",
      "/data/cache/platformio/packages/framework-arduinoespressif32/libraries/ESPmDNS/src",
      "/data/cache/platformio/packages/framework-arduinoespressif32/libraries/WiFi/src",
      "/data/cache/platformio/packages/framework-arduinoespressif32/tools/sdk/include/config",
      "/data/cache/platformio/packages/framework-arduinoespressif32/tools/sdk/include/app_trace",
      "/data/cache/platformio/packages/framework-arduinoespressif32/tools/sdk/include/app_update",
      "/data/cache/platformio/packages/framework-arduinoespressif32/tools/sdk/include/asio",
      "/data/cache/platformio/packages/framework-arduinoespressif32/tools/sdk/include/bootloader_support",
      "/data/cache/platformio/packages/framework-arduinoespressif32/tools/sdk/include/bt",
      "/data/cache/platformio/packages/framework-arduinoespressif32/tools/sdk/include/coap",
      "/data/cache/platformio/packages/framework-arduinoespressif32/tools/sdk/include/console",
      "/data/cache/platformio/packages/framework-arduinoespressif32/tools/sdk/include/driver",
      "/data/cache/platformio/packages/framework-arduinoespressif32/tools/sdk/include/efuse",
      "/data/cache/platformio/packages/framework-arduinoespressif32/tools/sdk/include/esp-tls",
      "/data/cache/platformio/packages/framework-arduinoespressif32/tools/sdk/include/esp32",
      "/data/cache/platformio/packages/framework-arduinoespressif32/tools/sdk/include/esp_adc_cal",
      "/data/cache/platformio/packages/framework-arduinoespressif32/tools/sdk/include/esp_event",
      "/data/cache/platformio/packages/framework-arduinoespressif32/tools/sdk/include/esp_http_client",
      "/data/cache/platformio/packages/framework-arduinoespressif32/tools/sdk/include/esp_http_server",
      "/data/cache/platformio/packages/framework-arduinoespressif32/tools/sdk/include/esp_https_ota",
      "/data/cache/platformio/packages/framework-arduinoespressif32/tools/sdk/include/esp_https_server",
      "/data/cache/platformio/packages/framework-arduinoespressif32/tools/sdk/include/esp_ringbuf",
      "/data/cache/platformio/packages/framework-arduinoespressif32/tools/sdk/include/esp_websocket_client",
      "/data/cache/platformio/packages/framework-arduinoespressif32/tools/sdk/include/espcoredump",
      "/data/cache/platformio/packages/framework-arduinoespressif32/tools/sdk/include/ethernet",
      "/data/cache/platformio/packages/framework-arduinoespressif32/tools/sdk/include/expat",
      "/data/cache/platformio/packages/framework-arduinoespressif32/tools/sdk/include/fatfs",
      "/data/cache/platformio/packages/framework-arduinoespressif32/tools/sdk/include/freemodbus",
      "/data/cache/platformio/packages/framework-arduinoespressif32/tools/sdk/include/freertos",
      "/data/cache/platformio/packages/framework-arduinoespressif32/tools/sdk/include/heap",
      "/data/cache/platformio/packages/framework-arduinoespressif32/tools/sdk/include/idf_test",
      "/data/cache/platformio/packages/framework-arduinoespressif32/tools/sdk/include/jsmn",
      "/data/cache/platformio/packages/framework-arduinoespressif32/tools/sdk/include/json",
      "/data/cache/platformio/packages/framework-arduinoespressif32/tools/sdk/include/libsodium",
      "/data/cache/platformio/packages/framework-arduinoespressif32/tools/sdk/include/log",
      "/data/cache/platformio/packages/framework-arduinoespressif32/tools/sdk/include/lwip",
      "/data/cache/platformio/packages/framework-arduinoespressif32/tools/sdk/include/mbedtls",
      "/data/cache/platformio/packages/framework-arduinoespressif32/tools/sdk/include/mdns",
      "/data/cache/platformio/packages/framework-arduinoespressif32/tools/sdk/include/micro-ecc",
      "/data/cache/platformio/packages/framework-arduinoespressif32/tools/sdk/include/mqtt",
      "/data/cache/platformio/packages/framework-arduinoespressif32/tools/sdk/include/newlib",
      "/data/cache/platformio/packages/framework-arduinoespressif32/tools/sdk/include/nghttp",
      "/data/cache/platformio/packages/framework-arduinoespressif32/tools/sdk/include/nvs_flash",
      "/data/cache/platformio/packages/framework-arduinoespressif32/tools/sdk/include/openssl",
      "/data/cache/platformio/packages/framework-arduinoespressif32/tools/sdk/include/protobuf-c",
      "/data/cache/platformio/packages/framework-arduinoespressif32/tools/sdk/include/protocomm",
      "/data/cache/platformio/packages/framework-arduinoespressif32/tools/sdk/include/pthread",
      "/data/cache/platformio/packages/framework-arduinoespressif32/tools/sdk/include/sdmmc",
      "/data/cache/platformio/packages/framework-arduinoespressif32/tools/sdk/include/smartconfig_ack",
      "/data/cache/platformio/packages/framework-arduinoespressif32/tools/sdk/include/soc",
      "/data/cache/platformio/packages/framework-arduinoespressif32/tools/sdk/include/spi_flash",
      "/data/cache/platformio/packages/framework-arduinoespressif32/tools/sdk/include/spiffs",
      "/data/cache/platformio/packages/framework-arduinoespressif32/tools/sdk/include/tcp_transport",
      "/data/cache/platformio/packages/framework-arduinoespressif32/tools/sdk/include/tcpip_adapter",
      "/data/cache/platformio/packages/framework-arduinoespressif32/tools/sdk/include/ulp",
      "/data/cache/platformio/packages/framework-arduinoespressif32/tools/sdk/include/unity",
      "/data/cache/platformio/packages/framework-arduinoespressif32/tools/sdk/include/vfs",
      "/data/cache/platformio/packages/framework-arduinoespressif32/tools/sdk/include/wear_levelling",
      "/data/cache/platformio/packages/framework-arduinoespressif32/tools/sdk/include/wifi_provisioning",
      "/data/cache/platformio/packages/framework-arduinoespressif32/tools/sdk/include/wpa_supplicant",
      "/data/cache/platformio/packages/framework-arduinoespressif32/tools/sdk/include/xtensa-debug-module",
      "/data/cache/platformio/packages/framework-arduinoespressif32/tools/sdk/include/esp-face",
      "/data/cache/platformio/packages/framework-arduinoespressif32/tools/sdk/include/esp32-camera",
      "/data/cache/platformio/packages/framework-arduinoespressif32/tools/sdk/include/esp-face",
      "/data/cache/platformio/packages/framework-arduinoespressif32/tools/sdk/include/fb_gfx",
      "/data/cache/platformio/packages/framework-arduinoespressif32/cores/esp32",
      "/data/cache/platformio/packages/framework-arduinoespressif32/variants/m5stack_core2"
    ],
    "compatlib": [
      "/data/heating-floor/.piolibdeps/heating-floor/qr-code-generator-library/src",
      "/data/cache/platformio/packages/framework-arduinoespressif32/libraries/Wire/src",
      "/data/cache/platformio/packages/framework-arduinoespressif32/libraries/Update/src",
      "/data/cache/platformio/packages/framework-arduinoespressif32/libraries/SPI/src",
      "/data/cache/platformio/packages/framework-arduinoespressif32/libraries/WiFi/src",
      "/data/cache/platformio/packages/framework-arduinoespressif32/libraries/ESPmDNS/src",
      "/data/heating-floor/.piolibdeps/heating-floor/qr-code-generator-library/src",
      "/data/cache/platformio/packages/framework-arduinoespressif32/libraries/ESPmDNS/src",
      "/data/cache/platformio/packages/framework-arduinoespressif32/libraries/SPI/src",
      "/data/cache/platformio/packages/framework-arduinoespressif32/libraries/Update/src",
      "/data/cache/platformio/packages/framework-arduinoespressif32/libraries/WiFi/src",
      "/data/cache/platformio/packages/framework-arduinoespressif32/libraries/Wire/src",
      "/piolibs/ArduinoJson/src",
      "/piolibs/AsyncMqttClient-esphome/src",
      "/piolibs/AsyncTCP-esphome/src",
      "/piolibs/Crypto",
      "/piolibs/Dsmr/src",
      "/piolibs/ESP32-audioI2S/src",
      "/piolibs/ESPAsyncWebServer-esphome/src",
      "/piolibs/FastLED",
      "/piolibs/HeatpumpIR",
      "/piolibs/IRremoteESP8266/src",
      "/piolibs/IRremoteESP8266@2.7.12/src",
      "/piolibs/Improv/src",
      "/piolibs/MideaUART/include",
      "/piolibs/MideaUART/src",
      "/piolibs/NeoPixelBus/src",
      "/piolibs/TM1651",
      "/piolibs/TinyGPSPlus/src",
      "/piolibs/arduino-MLX90393",
      "/piolibs/libsodium/libsodium/src/libsodium/include",
      "/piolibs/libsodium/libsodium/src/libsodium",
      "/piolibs/libsodium/libsodium/src/libsodium/include/sodium",
      "/piolibs/libsodium/port_include",
      "/piolibs/noise-c/include",
      "/piolibs/noise-c/src",
      "/piolibs/qr-code-generator-library/src",
      "/data/cache/platformio/packages/framework-arduinoespressif32/libraries/ArduinoOTA/src",
      "/data/cache/platformio/packages/framework-arduinoespressif32/libraries/AsyncUDP/src",
      "/data/cache/platformio/packages/framework-arduinoespressif32/libraries/AzureIoT/src",
      "/data/cache/platformio/packages/framework-arduinoespressif32/libraries/BLE/src",
      "/data/cache/platformio/packages/framework-arduinoespressif32/libraries/BluetoothSerial/src",
      "/data/cache/platformio/packages/framework-arduinoespressif32/libraries/DNSServer/src",
      "/data/cache/platformio/packages/framework-arduinoespressif32/libraries/EEPROM/src",
      "/data/cache/platformio/packages/framework-arduinoespressif32/libraries/ESP32/src",
      "/data/cache/platformio/packages/framework-arduinoespressif32/libraries/FFat/src",
      "/data/cache/platformio/packages/framework-arduinoespressif32/libraries/FS/src",
      "/data/cache/platformio/packages/framework-arduinoespressif32/libraries/HTTPClient/src",
      "/data/cache/platformio/packages/framework-arduinoespressif32/libraries/HTTPUpdate/src",
      "/data/cache/platformio/packages/framework-arduinoespressif32/libraries/HTTPUpdateServer/src",
      "/data/cache/platformio/packages/framework-arduinoespressif32/libraries/NetBIOS/src",
      "/data/cache/platformio/packages/framework-arduinoespressif32/libraries/Preferences/src",
      "/data/cache/platformio/packages/framework-arduinoespressif32/libraries/SD/src",
      "/data/cache/platformio/packages/framework-arduinoespressif32/libraries/SD_MMC/src",
      "/data/cache/platformio/packages/framework-arduinoespressif32/libraries/SPIFFS/src",
      "/data/cache/platformio/packages/framework-arduinoespressif32/libraries/SimpleBLE/src",
      "/data/cache/platformio/packages/framework-arduinoespressif32/libraries/Ticker/src",
      "/data/cache/platformio/packages/framework-arduinoespressif32/libraries/WebServer/src",
      "/data/cache/platformio/packages/framework-arduinoespressif32/libraries/WiFiClientSecure/src",
      "/data/cache/platformio/packages/framework-arduinoespressif32/libraries/WiFiProv/src"
    ],
    "toolchain": [
      "/data/cache/platformio/packages/toolchain-xtensa32/xtensa-esp32-elf/include/c++/5.2.0",
      "/data/cache/platformio/packages/toolchain-xtensa32/xtensa-esp32-elf/include/c++/5.2.0/xtensa-esp32-elf",
      "/data/cache/platformio/packages/toolchain-xtensa32/lib/gcc/xtensa-esp32-elf/5.2.0/include",
      "/data/cache/platformio/packages/toolchain-xtensa32/lib/gcc/xtensa-esp32-elf/5.2.0/include-fixed",
      "/data/cache/platformio/packages/toolchain-xtensa32/xtensa-esp32-elf/include"
    ]
  },
  "cc_flags": "-std=gnu99 -Wno-old-style-declaration -Wno-sign-compare -Wno-unused-but-set-variable -Wno-unused-variable -fno-exceptions -Os -g3 -Wall -nostdlib -Wpointer-arith -Wno-error=unused-but-set-variable -Wno-error=unused-variable -mlongcalls -ffunction-sections -fdata-sections -fstrict-volatile-bitfields -Wno-error=deprecated-declarations -Wno-error=unused-function -Wno-unused-parameter -Wno-sign-compare -fstack-protector -fexceptions -Werror=reorder",
  "cxx_flags": "-fno-rtti -fno-exceptions -std=gnu++11 -Wno-sign-compare -Wno-unused-but-set-variable -Wno-unused-variable -fno-exceptions -Os -g3 -Wall -nostdlib -Wpointer-arith -Wno-error=unused-but-set-variable -Wno-error=unused-variable -mlongcalls -ffunction-sections -fdata-sections -fstrict-volatile-bitfields -Wno-error=deprecated-declarations -Wno-error=unused-function -Wno-unused-parameter -Wno-sign-compare -fstack-protector -fexceptions -Werror=reorder",
  "cc_path": "/data/cache/platformio/packages/toolchain-xtensa32/bin/xtensa-esp32-elf-gcc",
  "cxx_path": "/data/cache/platformio/packages/toolchain-xtensa32/bin/xtensa-esp32-elf-g++",
  "gdb_path": "/data/cache/platformio/packages/toolchain-xtensa32/bin/xtensa-esp32-elf-gdb",
  "prog_path": "/data/heating-floor/.pioenvs/heating-floor/firmware.elf",
  "svd_path": null,
  "compiler_type": "gcc",
  "targets": [
    {
      "name": "buildfs",
      "title": "Build Filesystem Image",
      "description": null,
      "group": "Platform"
    },
    {
      "name": "size",
      "title": "Program Size",
      "description": "Calculate program size",
      "group": "Platform"
    },
    {
      "name": "upload",
      "title": "Upload",
      "description": null,
      "group": "Platform"
    },
    {
      "name": "uploadfs",
      "title": "Upload Filesystem Image",
      "description": null,
      "group": "Platform"
    },
    {
      "name": "uploadfsota",
      "title": "Upload Filesystem Image OTA",
      "description": null,
      "group": "Platform"
    },
    {
      "name": "erase",
      "title": "Erase Flash",
      "description": null,
      "group": "Platform"
    }
  ],
  "extra": {
    "flash_images": [
      {
        "offset": "0x1000",
        "path": "/data/cache/platformio/packages/framework-arduinoespressif32/tools/sdk/bin/bootloader_dio_40m.bin"
      },
      {
        "offset": "0x8000",
        "path": "/data/heating-floor/.pioenvs/heating-floor/partitions.bin"
      },
      {
        "offset": "0xe000",
        "path": "/data/cache/platformio/packages/framework-arduinoespressif32/tools/partitions/boot_app0.bin"
      }
    ]
  }
}
