{
  "storage_version": 1,
  "name": "boiler-electrode",
  "comment": null,
  "esphome_version": "2022.11.1",
  "src_version": 1,
  "address": "192.168.1.140",
  "web_port": 80,
  "esp_platform": "ESP8266",
  "build_path": "/config/esphome/.esphome/build/boiler-electrode",
  "firmware_bin_path": "/data/boiler-electrode/.pioenvs/boiler-electrode/firmware.bin",
  "loaded_integrations": [
    "adc",
    "api",
    "async_tcp",
    "bang_bang",
    "binary_sensor",
    "button",
    "climate",
    "dallas",
    "esp8266",
    "esphome",
    "gpio",
    "homeassistant",
    "json",
    "logger",
    "max6675",
    "md5",
    "mdns",
    "modbus",
    "network",
    "number",
    "ota",
    "output",
    "pid",
    "preferences",
    "pzemac",
    "restart",
    "sensor",
    "slow_pwm",
    "sntp",
    "socket",
    "spi",
    "status",
    "substitutions",
    "switch",
    "template",
    "text_sensor",
    "time",
    "uart",
    "voltage_sampler",
    "web_server",
    "web_server_base",
    "wifi",
    "wifi_info",
    "wifi_signal"
  ]
}
