{
  "storage_version": 1,
  "name": "camera-hallway",
  "comment": null,
  "esphome_version": "2022.11.1",
  "src_version": 1,
  "address": "192.168.1.151",
  "web_port": null,
  "esp_platform": "ESP32",
  "build_path": "/config/esphome/.esphome/build/camera-hallway",
  "firmware_bin_path": "/data/camera-hallway/.pioenvs/camera-hallway/firmware.bin",
  "loaded_integrations": [
    "api",
    "binary",
    "binary_sensor",
    "button",
    "esp32",
    "esp32_camera",
    "esp32_camera_web_server",
    "esphome",
    "gpio",
    "light",
    "logger",
    "md5",
    "mdns",
    "network",
    "ota",
    "output",
    "preferences",
    "psram",
    "restart",
    "sensor",
    "socket",
    "status",
    "substitutions",
    "text_sensor",
    "wifi",
    "wifi_info",
    "wifi_signal"
  ]
}
