{
  "storage_version": 1,
  "name": "electric-meter",
  "comment": null,
  "esphome_version": "2022.11.1",
  "src_version": 1,
  "address": "192.168.1.147",
  "web_port": null,
  "esp_platform": "ESP32",
  "build_path": "/config/esphome/.esphome/build/electric-meter",
  "firmware_bin_path": "/data/electric-meter/.pioenvs/electric-meter/firmware.bin",
  "loaded_integrations": [
    "api",
    "binary_sensor",
    "button",
    "color",
    "display",
    "esp32",
    "esphome",
    "font",
    "gpio",
    "logger",
    "md5",
    "mdns",
    "modbus",
    "network",
    "ota",
    "preferences",
    "pzemac",
    "restart",
    "sensor",
    "sntp",
    "socket",
    "spi",
    "st7789v",
    "status",
    "substitutions",
    "switch",
    "template",
    "text_sensor",
    "time",
    "uart",
    "wifi",
    "wifi_info",
    "wifi_signal"
  ]
}
