{
  "storage_version": 1,
  "name": "heating-floor",
  "comment": null,
  "esphome_version": "2022.11.1",
  "src_version": 1,
  "address": "192.168.1.148",
  "web_port": null,
  "esp_platform": "ESP32",
  "build_path": "/config/esphome/.esphome/build/heating-floor",
  "firmware_bin_path": "/data/heating-floor/.pioenvs/heating-floor/firmware.bin",
  "loaded_integrations": [
    "api",
    "binary_sensor",
    "button",
    "climate",
    "color",
    "dallas",
    "display",
    "esp32",
    "esphome",
    "external_components",
    "font",
    "ft63x6",
    "gpio",
    "homeassistant",
    "i2c",
    "ili9341",
    "ledc",
    "light",
    "logger",
    "md5",
    "mdns",
    "modbus",
    "monochromatic",
    "network",
    "number",
    "ota",
    "output",
    "preferences",
    "pzemac",
    "qr_code",
    "restart",
    "sensor",
    "socket",
    "spi",
    "status",
    "substitutions",
    "switch",
    "template",
    "text_sensor",
    "thermostat",
    "time",
    "touchscreen",
    "uart",
    "wifi",
    "wifi_info",
    "wifi_signal"
  ]
}
