{
  "storage_version": 1,
  "name": "light-flowers-sonoff",
  "comment": null,
  "esphome_version": "2022.11.1",
  "src_version": 1,
  "address": "192.168.1.124",
  "web_port": null,
  "esp_platform": "ESP8266",
  "build_path": "/config/esphome/.esphome/build/light-flowers-sonoff",
  "firmware_bin_path": "/data/light-flowers-sonoff/.pioenvs/light-flowers-sonoff/firmware.bin",
  "loaded_integrations": [
    "adc",
    "api",
    "binary",
    "binary_sensor",
    "button",
    "esp8266",
    "esphome",
    "gpio",
    "light",
    "logger",
    "md5",
    "mdns",
    "network",
    "ota",
    "output",
    "preferences",
    "restart",
    "sensor",
    "socket",
    "status",
    "status_led",
    "substitutions",
    "text_sensor",
    "voltage_sampler",
    "wifi",
    "wifi_info",
    "wifi_signal"
  ]
}
