{
  "storage_version": 1,
  "name": "light-bedroom-sonoff-dr3",
  "comment": null,
  "esphome_version": "2022.11.1",
  "src_version": 1,
  "address": "192.168.1.128",
  "web_port": null,
  "esp_platform": "ESP32",
  "build_path": "/config/esphome/.esphome/build/light-bedroom-sonoff-dr3",
  "firmware_bin_path": "/data/light-bedroom-sonoff-dr3/.pioenvs/light-bedroom-sonoff-dr3/firmware.bin",
  "loaded_integrations": [
    "api",
    "binary",
    "binary_sensor",
    "button",
    "cse7761",
    "esp32",
    "esphome",
    "gpio",
    "light",
    "logger",
    "md5",
    "mdns",
    "network",
    "ota",
    "output",
    "preferences",
    "restart",
    "sensor",
    "socket",
    "status",
    "status_led",
    "substitutions",
    "text_sensor",
    "uart",
    "wifi",
    "wifi_info",
    "wifi_signal"
  ]
}
