{
  "storage_version": 1,
  "name": "microclimate-cellar",
  "comment": null,
  "esphome_version": "2022.11.1",
  "src_version": 1,
  "address": "192.168.1.141",
  "web_port": null,
  "esp_platform": "ESP8266",
  "build_path": "/config/esphome/.esphome/build/microclimate-cellar",
  "firmware_bin_path": "/data/microclimate-cellar/.pioenvs/microclimate-cellar/firmware.bin",
  "loaded_integrations": [
    "adc",
    "am2320",
    "api",
    "binary_sensor",
    "button",
    "climate",
    "esp8266",
    "esphome",
    "gpio",
    "htu21d",
    "i2c",
    "logger",
    "md5",
    "mdns",
    "network",
    "number",
    "ota",
    "preferences",
    "restart",
    "sensor",
    "socket",
    "status",
    "substitutions",
    "switch",
    "template",
    "text_sensor",
    "thermostat",
    "voltage_sampler",
    "wifi",
    "wifi_info",
    "wifi_signal"
  ]
}
